state,total_population,urban_population,rural_population,literacy_rate,districts_count
Uttar Pradesh,199812341,44470455,155341886,67.68,75
Maharashtra,112374333,50818259,61556074,82.34,36
Bihar,104099452,11758016,92341436,61.80,38
West Bengal,91276115,29093002,62183113,76.26,23
Madhya Pradesh,72626809,20069405,52557404,69.32,55
Tamil Nadu,72147030,34917440,37229590,80.09,38
Rajasthan,68548437,17048085,51500352,66.11,50
Karnataka,61095297,23625961,37469336,75.36,31
Gujarat,60439692,25745083,34694609,78.03,33
Andhra Pradesh,49386799,14612508,34774291,67.41,26
Odisha,41974218,7003656,34970562,72.87,30
Telangana,35003674,13608665,21395009,66.54,33
Kerala,33406061,15934926,17471135,94.00,14
Jharkhand,32988134,7933061,25055073,66.41,24
Assam,31205576,4398681,26806895,72.19,35
Punjab,27743338,10399146,17344192,75.84,23
Chhattisgarh,25545198,5937237,19607961,70.28,33
Haryana,25351462,8842103,16509359,75.55,22
NCT of Delhi,16787941,16368899,419042,86.21,11
Jammu and Kashmir,12267013,3433242,8833771,67.16,20
Uttarakhand,10086292,3049338,7036954,78.82,13
Himachal Pradesh,6864602,688552,6176050,82.80,12
Tripura,3673917,961453,2712464,87.22,8
Meghalaya,2966889,595450,2371439,74.43,12
Manipur,2570390,759085,1811305,76.94,16
Nagaland,1978502,570966,1407536,79.55,16
Goa,1458545,906814,551731,88.70,2
Arunachal Pradesh,1383727,313446,1070281,65.38,26
Puducherry,1247953,852753,395200,85.85,4
Mizoram,1097206,571771,525435,91.33,11
Chandigarh,1055450,1026459,28991,86.05,1
Sikkim,610577,153128,457449,81.42,6
Andaman and Nicobar Islands,380581,143488,237093,86.63,3
Dadra and Nagar Haveli and Daman and Diu,585764,418384,167380,87.10,3
Lakshadweep,64473,50308,14165,91.85,1
